,movie,year,timeMin,imdb,metascore,votes,us_grossMillions
0,The Trial of the Chicago 7,2020,129,7.9,76,59325,
1,Tenet,2020,150,7.8,69,146622,53.8
2,Spider-Man: Into the Spider-Verse,2018,117,8.4,87,354217,190.24
3,The Gentlemen,2019,113,7.8,51,206052,
4,Harry Potter and the Sorcerer's Stone,2001,152,7.6,64,642356,317.58
5,Knives Out,2019,130,7.9,82,417067,165.36
6,Parasite,2019,132,8.6,96,509683,53.37
7,Once Upon a Time... In Hollywood,2019,161,7.6,83,529503,142.5
8,Soorarai Pottru,2020,153,8.9,1,45476,
9,1917,2019,119,8.3,78,391240,159.23
10,Avengers: Endgame,2019,181,8.4,78,781012,858.37
11,Jojo Rabbit,2019,108,7.9,58,276047,0.35
12,The Shawshank Redemption,1994,142,9.3,80,2308573,28.34
13,The Wolf of Wall Street,2013,180,8.2,75,1160541,116.9
14,Joker,2019,122,8.5,59,897687,335.45
15,The Godfather,1972,175,9.2,100,1593285,134.97
16,Love Actually,2003,135,7.6,55,419153,59.7
17,Interstellar,2014,169,8.6,74,1479178,188.02
18,One Flew Over the Cuckoo's Nest,1975,133,8.7,83,906315,112.0
19,Inception,2010,148,8.8,74,2033589,292.58
20,Hamilton,2020,160,8.6,90,47036,
21,Titanic,1997,194,7.8,75,1033124,659.33
22,Inglourious Basterds,2009,153,8.3,69,1246985,120.54
23,Ocean's Eleven,2001,116,7.7,74,510053,183.42
24,The Lord of the Rings: The Fellowship of the Ring,2001,178,8.8,92,1637324,315.54
25,Little Women,2019,135,7.8,91,131958,108.1
26,The Dark Knight,2008,152,9.0,84,2271458,534.86
27,Home Alone,1990,103,7.6,63,457229,285.76
28,Blade Runner 2049,2017,164,8.0,81,450895,92.05
29,The Shining,1980,146,8.4,66,885171,44.02
30,Pulp Fiction,1994,154,8.9,94,1801609,107.93
31,The Matrix,1999,136,8.7,73,1652069,171.48
32,Goodfellas,1990,146,8.7,90,1004987,46.84
33,V for Vendetta,2005,132,8.2,62,1021278,70.51
34,Harry Potter and the Goblet of Fire,2005,157,7.7,81,538938,290.01
35,Ford v Ferrari,2019,152,8.1,81,273581,117.62
36,A Clockwork Orange,1971,136,8.3,77,748900,6.21
37,Gladiator,2000,155,8.5,67,1323300,187.71
38,Full Metal Jacket,1987,116,8.3,76,666595,46.36
39,Hacksaw Ridge,2016,139,8.1,71,426499,67.21
40,Django Unchained,2012,165,8.4,81,1336194,162.81
41,Saving Private Ryan,1998,169,8.6,91,1218690,216.54
42,The Departed,2006,151,8.5,85,1173353,132.38
43,The Green Mile,1999,189,8.6,61,1128893,136.8
44,Back to the Future,1985,116,8.5,87,1042021,210.61
45,Fargo,1996,98,8.1,85,608861,24.61
46,Fight Club,1999,139,8.8,66,1829128,37.03
47,Get Out,2017,104,7.7,85,482850,176.04
48,Dazed and Confused,1993,102,7.6,78,163434,7.99
49,Se7en,1995,127,8.6,65,1422275,100.13
50,Apocalypse Now,1979,147,8.4,94,598669,83.47
51,The Peanut Butter Falcon,2019,97,7.6,70,60152,13.12
52,The Prestige,2006,130,8.5,66,1171379,53.09
53,Casino Royale,2006,144,8.0,80,576092,167.45
54,Harry Potter and the Deathly Hallows: Part 2,2011,130,8.1,85,752792,381.01
55,The Dark Knight Rises,2012,164,8.4,78,1497626,448.14
56,The Hunt for Red October,1990,135,7.6,58,178324,122.01
57,Mad Max: Fury Road,2015,120,8.1,90,868059,154.06
58,The Irishman,2019,209,7.9,94,313683,7.0
59,Forrest Gump,1994,142,8.8,82,1779422,330.25
60,The Silence of the Lambs,1991,118,8.6,85,1252071,130.74
61,About Time,2013,123,7.8,55,295351,15.32
62,Gone Girl,2014,149,8.1,79,845320,167.77
63,The Untouchables,1987,119,7.9,79,277614,76.27
64,Avengers: Infinity War,2018,149,8.4,68,813666,678.82
65,Schindler's List,1993,195,8.9,94,1197606,96.9
66,Zodiac,2007,157,7.7,78,455020,33.08
67,Deadpool 2,2018,119,7.7,66,468901,324.59
68,Watchmen,2009,162,7.6,56,496258,107.51
69,Halloween,1978,91,7.8,87,230707,47.0
70,Guardians of the Galaxy,2014,121,8.0,76,1032397,333.18
71,Pride & Prejudice,2005,129,7.8,82,253331,38.41
72,Léon: The Professional,1994,110,8.5,64,1020676,19.5
73,The Lord of the Rings: The Return of the King,2003,201,8.9,94,1621398,377.85
74,Harry Potter and the Prisoner of Azkaban,2004,142,7.9,82,542284,249.36
75,The Nightmare Before Christmas,1993,76,8.0,82,294247,75.08
76,Star Wars: Episode IV - A New Hope,1977,121,8.6,90,1215780,322.74
77,Moneyball,2011,133,7.6,87,363055,75.61
78,Indiana Jones and the Last Crusade,1989,127,8.2,65,684390,197.17
79,Platoon,1986,120,8.1,92,377050,138.53
80,Requiem for a Dream,2000,102,8.3,68,757283,3.64
81,Jurassic Park,1993,127,8.1,68,856342,402.45
82,Thor: Ragnarok,2017,130,7.9,74,575033,315.06
83,Rebecca,1940,130,8.1,86,122157,4.36
84,No Country for Old Men,2007,122,8.1,91,843246,74.28
85,The Big Lebowski,1998,117,8.1,71,723214,17.5
86,Boyz n the Hood,1991,112,7.8,76,124035,57.5
87,Mission: Impossible - Fallout,2018,147,7.7,86,286016,220.16
88,The Princess Bride,1987,98,8.1,77,389626,30.86
89,Tombstone,1993,130,7.8,50,124808,56.51
90,Guardians of the Galaxy Vol. 2,2017,136,7.6,67,559271,389.81
91,Avatar,2009,162,7.8,83,1109380,760.51
92,Alien,1979,117,8.4,89,778415,78.9
93,Deadpool,2016,108,8.0,65,891065,363.07
94,Raiders of the Lost Ark,1981,115,8.4,85,874262,248.16
95,Green Book,2018,130,8.2,69,355750,85.08
96,Call Me by Your Name,2017,132,7.9,93,205415,18.1
97,Harry Potter and the Half-Blood Prince,2009,153,7.6,78,465751,301.96
98,Whiplash,2014,106,8.5,88,702784,13.09
99,American Beauty,1999,122,8.3,84,1058734,130.1
100,Coco,2017,105,8.4,81,365449,209.73
101,Star Trek,2009,127,7.9,82,574299,257.73
102,Baby Driver,2017,113,7.6,86,430457,107.83
103,Taxi Driver,1976,114,8.3,94,713465,28.26
104,Pirates of the Caribbean: The Curse of the Black Pearl,2003,143,8.0,63,1007742,305.41
105,The Martian,2015,144,8.0,80,749646,228.43
106,Prisoners,2013,153,8.1,70,590392,61.0
107,Rogue One: A Star Wars Story,2016,133,7.8,65,545357,532.18
108,Edge of Tomorrow,2014,113,7.9,71,592586,100.21
109,Toy Story,1995,81,8.3,95,875172,191.8
110,Goldfinger,1964,110,7.7,87,171292,51.08
111,Portrait of a Lady on Fire,2019,122,8.1,95,56382,3.76
112,Dunkirk,2017,106,7.9,94,542697,188.37
113,Die Hard,1988,132,8.2,72,775098,83.01
114,American Psycho,2000,101,7.6,64,481801,15.07
115,The Grand Budapest Hotel,2014,99,8.1,88,696385,59.1
116,Shutter Island,2010,138,8.2,63,1111656,128.01
117,Harry Potter and the Deathly Hallows: Part 1,2010,146,7.7,65,470395,295.98
118,Good Will Hunting,1997,126,8.3,70,848752,138.43
119,Braveheart,1995,178,8.3,68,949757,75.6
120,Eternal Sunshine of the Spotless Mind,2004,108,8.3,89,900612,34.4
121,The Social Network,2010,120,7.7,95,616453,96.96
122,My Cousin Vinny,1992,120,7.6,68,105601,52.93
123,The Goonies,1985,114,7.8,62,241235,61.5
124,The Curious Case of Benjamin Button,2008,166,7.8,70,581844,127.51
125,Blade Runner,1982,117,8.1,84,685607,32.87
126,The Revenant,2015,156,8.0,76,693868,183.64
127,Logan,2017,137,8.1,77,637072,226.28
128,Her,2013,126,8.0,90,531863,25.57
129,The Usual Suspects,1995,106,8.5,77,979512,23.34
130,The Big Short,2015,130,7.8,81,354942,70.26
131,12 Angry Men,1957,96,9.0,96,678710,4.36
132,The Notebook,2004,123,7.8,53,513924,81.0
133,The Exorcist,1973,122,8.0,81,359475,232.91
134,The Hobbit: An Unexpected Journey,2012,169,7.8,58,750552,303.0
135,Rocky,1976,120,8.1,70,511914,117.24
136,Donnie Darko,2001,113,8.0,88,733822,1.48
137,The Lord of the Rings: The Two Towers,2002,179,8.7,87,1465663,342.55
138,The Hateful Eight,2015,168,7.8,68,506836,54.12
139,Moana,2016,107,7.6,81,266317,248.76
140,Spotlight,2015,129,8.1,93,413189,45.06
141,Boogie Nights,1997,155,7.9,85,236529,26.4
142,The Pianist,2002,150,8.5,85,718088,32.57
143,Skyfall,2012,143,7.7,81,625075,304.36
144,La La Land,2016,128,8.0,94,495575,151.1
145,The Avengers,2012,143,8.0,69,1249995,623.28
146,The Godfather: Part II,1974,202,9.0,90,1113111,57.3
147,Star Wars: Episode VII - The Force Awakens,2015,138,7.9,80,851455,936.66
148,Drive,2011,100,7.8,78,564523,35.06
149,Kingsman: The Secret Service,2014,129,7.7,60,584630,128.26
150,Apollo 13,1995,140,7.6,77,265043,173.84
151,Batman Begins,2005,140,8.2,70,1292587,206.85
152,The Bourne Identity,2002,119,7.9,68,503603,121.66
153,The Girl with the Dragon Tattoo,2011,158,7.8,71,416148,102.52
154,Black Swan,2010,108,8.0,79,692141,106.95
155,300,2006,117,7.6,52,727057,210.61
156,Zootopia,2016,108,8.0,78,426946,341.27
157,Almost Famous,2000,122,7.9,90,250103,32.53
158,Iron Man,2008,126,7.9,79,929001,318.41
159,Ferris Bueller's Day Off,1986,103,7.8,61,318013,70.14
160,The Thing,1982,109,8.1,57,366503,13.78
161,Bohemian Rhapsody,2018,134,8.0,49,440844,216.43
162,A Star Is Born,2018,136,7.6,88,325811,215.29
163,Memento,2000,113,8.4,80,1111878,25.54
164,Marriage Story,2019,137,8.0,94,236528,2.0
165,Stardust,2007,127,7.6,66,252461,38.63
166,There Will Be Blood,2007,158,8.2,93,509754,40.22
167,Spirited Away,2001,125,8.6,96,638267,10.06
168,American Gangster,2007,157,7.8,76,387304,130.16
169,Aliens,1986,137,8.3,84,646128,85.16
170,The Incredibles,2004,115,8.0,90,649294,261.44
171,Heat,1995,170,8.2,76,569065,67.44
172,Dead Poets Society,1989,128,8.1,79,417516,95.86
173,Casablanca,1942,102,8.5,100,515671,1.02
174,Ghostbusters,1984,105,7.8,71,351617,238.63
175,A Beautiful Mind,2001,135,8.2,72,837451,170.74
176,28 Days Later...,2002,113,7.6,73,373306,45.06
177,The Truman Show,1998,103,8.1,90,924184,125.62
178,Scarface,1983,170,8.3,65,730530,45.6
179,Pan's Labyrinth,2006,118,8.2,98,612621,37.63
180,Psycho,1960,109,8.5,97,596382,32.0
181,Citizen Kane,1941,119,8.3,100,394393,1.59
182,The Lion King,1994,88,8.5,88,928635,422.78
183,Oldboy,2003,120,8.4,77,507740,0.71
184,Silver Linings Playbook,2012,122,7.7,81,655686,132.09
185,2001: A Space Odyssey,1968,149,8.3,84,595334,56.95
186,Lost in Translation,2003,102,7.7,89,409066,44.59
187,Toy Story 4,2019,100,7.8,84,195432,434.04
188,Catch Me If You Can,2002,141,8.1,75,814135,164.62
189,Snatch,2000,102,8.3,55,773564,30.33
190,Atonement,2007,123,7.8,85,247738,50.93
191,Ex Machina,2014,108,7.7,78,467962,25.44
192,The Terminator,1984,107,8.0,84,792750,38.4
193,E.T. the Extra-Terrestrial,1982,115,7.8,91,367414,435.11
194,Dallas Buyers Club,2013,117,8.0,80,435178,27.3
195,"Three Billboards Outside Ebbing, Missouri",2017,115,8.2,88,420547,54.51
196,The Breakfast Club,1985,97,7.8,66,353327,45.88
197,Life Is Beautiful,1997,116,8.6,59,614128,57.6
198,The Imitation Game,2014,114,8.0,73,675723,91.13
199,Airplane!,1980,88,7.7,78,211853,83.4
200,The Perks of Being a Wallflower,2012,103,8.0,67,456549,17.74
201,Hot Fuzz,2007,121,7.8,81,458779,23.64
202,Arrival,2016,116,7.9,81,584280,100.55
203,True Romance,1993,119,7.9,59,204663,12.28
204,The Fifth Element,1997,126,7.7,52,429627,63.54
205,Terminator 2: Judgment Day,1991,137,8.5,75,984819,204.84
206,Mulan,1998,88,7.6,71,252237,120.62
207,Star Wars: Episode V - The Empire Strikes Back,1980,124,8.7,82,1143999,290.48
208,City of God,2002,130,8.6,79,692154,7.56
209,Jaws,1975,124,8.0,87,539684,260.0
210,The Hangover,2009,100,7.7,73,711276,277.32
211,The Help,2011,146,8.0,62,423513,169.71
212,Room,2015,118,8.1,86,364067,14.68
213,American History X,1998,119,8.5,62,1023946,6.72
214,Sicario,2015,121,7.6,82,365763,46.89
215,Star Wars: Episode VI - Return of the Jedi,1983,131,8.3,58,937716,309.13
216,Stand by Me,1986,89,8.1,75,359422,52.29
217,The Wizard of Oz,1939,102,8.0,92,368518,2.08
218,"The Good, the Bad and the Ugly",1966,178,8.8,90,680085,6.1
219,Nightcrawler,2014,117,7.9,76,456965,32.38
220,Once Upon a Time in America,1984,229,8.4,1,306647,5.32
221,Indiana Jones and the Temple of Doom,1984,118,7.6,57,443435,179.87
222,Mulholland Drive,2001,147,8.0,85,317237,7.22
223,The Deer Hunter,1978,183,8.1,86,307760,48.98
224,Just Mercy,2019,137,7.6,68,42807,
225,The Hunt,2012,115,8.3,77,274672,0.69
226,The Thin Red Line,1998,170,7.6,78,170956,36.4
227,The Invisible Guest,2016,106,8.1,1,133498,
228,Mary Poppins,1964,139,7.8,88,155916,102.27
229,It's a Wonderful Life,1946,130,8.6,89,392544,
230,Klaus,2019,96,8.2,65,79451,
231,The Best Years of Our Lives,1946,170,8.0,93,56793,23.65
232,Where Eagles Dare,1968,158,7.7,63,51325,
233,X-Men: First Class,2011,131,7.7,65,640982,146.41
234,The Intouchables,2011,112,8.5,57,746612,13.18
235,Hidden Figures,2016,127,7.8,74,196794,169.61
236,Edward Scissorhands,1990,105,7.9,74,442588,56.36
237,The Last of the Mohicans,1992,112,7.7,76,147278,75.51
238,Ratatouille,2007,111,8.0,96,632037,206.45
239,Your Name.,2016,106,8.4,79,186505,5.02
240,The Handmaiden,2016,145,8.1,84,108815,2.01
241,Wonder,2017,113,8.0,66,137671,132.42
242,Come and See,1985,142,8.3,1,56730,
243,Memories of Murder,2003,132,8.1,82,133601,0.01
244,Kill Bill: Vol. 1,2003,111,8.1,69,988207,70.1
245,Reservoir Dogs,1992,99,8.3,79,906980,2.83
246,Into the Wild,2007,148,8.1,73,565977,18.35
247,Sin City,2005,124,8.0,74,735786,74.1
248,The Bourne Supremacy,2004,108,7.7,73,430769,176.24
249,Scent of a Woman,1992,156,8.0,59,258578,63.9
250,Children of Men,2006,109,7.9,84,461137,35.55
251,The Dirty Dozen,1967,150,7.7,73,66534,45.3
252,Big Fish,2003,125,8.0,58,411905,66.26
253,Casino,1995,178,8.2,73,459549,42.44
254,Captain America: Civil War,2016,147,7.8,75,653094,408.08
255,12 Years a Slave,2013,134,8.1,96,631868,56.67
256,What We Do in the Shadows,2014,86,7.7,76,154600,3.33
257,Warrior,2011,140,8.2,71,431567,13.66
258,Downfall,2004,156,8.2,82,327925,5.51
259,Vertigo,1958,128,8.3,100,359122,3.2
260,As Good as It Gets,1997,139,7.7,67,272389,148.48
261,Trainspotting,1996,93,8.1,83,628625,16.5
262,The Sixth Sense,1999,107,8.1,64,902636,293.51
263,Tangled,2010,100,7.7,71,400577,200.82
264,The Name of the Rose,1986,130,7.7,54,100954,7.15
265,Birdman or (The Unexpected Virtue of Ignorance),2014,119,7.7,87,572916,42.34
266,Inside Out,2015,95,8.1,94,602017,356.46
267,Wind River,2017,107,7.7,73,198876,33.8
268,Argo,2012,120,7.7,86,567372,136.03
269,Apocalypto,2006,139,7.8,68,288551,50.87
270,Brokeback Mountain,2005,134,7.7,87,319867,83.04
271,The Hobbit: The Desolation of Smaug,2013,161,7.8,66,595101,258.37
272,Predator,1987,107,7.8,45,367841,59.74
273,The Sound of Music,1965,172,8.0,63,200592,163.21
274,Captain Fantastic,2016,118,7.9,72,185573,5.88
275,Dances with Wolves,1990,181,8.0,72,237343,184.21
276,Hunt for the Wilderpeople,2016,101,7.9,81,107940,5.2
277,Minority Report,2002,145,7.6,80,503378,132.07
278,Coraline,2009,100,7.7,80,195107,75.29
279,Remember the Titans,2000,113,7.8,48,196046,115.65
280,Inside Man,2006,129,7.6,76,334449,88.51
281,Capernaum,2018,126,8.4,75,58110,1.66
282,Manchester by the Sea,2016,137,7.8,96,242523,47.7
283,Saw,2004,103,7.6,46,375846,56.0
284,Shaun of the Dead,2004,99,7.9,76,507395,13.54
285,Incredibles 2,2018,118,7.6,80,243978,608.58
286,The Bourne Ultimatum,2007,115,8.0,85,600854,227.47
287,The Theory of Everything,2014,123,7.7,72,397812,35.89
288,Before Sunrise,1995,101,8.1,77,267247,5.54
289,The Lives of Others,2006,137,8.4,89,354027,11.29
290,Zombieland,2009,88,7.6,73,515575,75.59
291,Back to the Future Part II,1989,108,7.8,57,474982,118.5
292,Unforgiven,1992,130,8.2,85,371514,101.16
293,The Blind Side,2009,129,7.6,53,289168,255.96
294,Sherlock Holmes,2009,128,7.6,57,578287,209.03
295,Blue Is the Warmest Colour,2013,180,7.7,89,136954,2.2
296,Cast Away,2000,143,7.8,73,516514,233.63
297,The Godfather: Part III,1990,162,7.6,60,354093,66.67
298,L.A. Confidential,1997,138,8.2,90,526435,64.62
299,Star Trek Into Darkness,2013,132,7.7,72,460610,228.78
300,The Royal Tenenbaums,2001,110,7.6,76,263763,52.36
301,"Monsters, Inc.",2001,92,8.0,79,804555,289.92
302,The Pursuit of Happyness,2006,117,8.0,64,442501,163.57
303,X-Men: Days of Future Past,2014,132,7.9,75,654700,233.92
304,District 9,2009,112,7.9,81,634153,115.65
305,Amélie,2001,122,8.3,69,696561,33.23
306,Papillon,1973,151,8.0,58,120548,53.27
307,Gran Torino,2008,116,8.1,72,713648,148.1
308,Black Hawk Down,2001,144,7.7,74,361005,108.64
309,12 Monkeys,1995,129,8.0,74,572853,57.14
310,The Blues Brothers,1980,133,7.9,60,180927,57.23
311,What's Eating Gilbert Grape,1993,118,7.8,73,212352,9.17
312,Once Upon a Time in the West,1968,165,8.5,80,299127,5.32
313,Captain America: The Winter Soldier,2014,136,7.7,70,726704,259.77
314,Serenity,2005,119,7.8,74,281505,25.51
315,Dr. Strangelove or: How I Learned to Stop Worrying and Love the Bomb,1964,95,8.4,97,445610,0.28
316,Incendies,2010,131,8.3,80,146147,6.86
317,Amadeus,1984,160,8.3,88,364920,51.97
318,Gone with the Wind,1939,238,8.1,97,286733,198.68
319,Howl's Moving Castle,2004,119,8.2,80,326259,4.71
320,Slumdog Millionaire,2008,120,8.0,84,791904,141.32
321,Young Frankenstein,1974,106,8.0,80,142066,86.3
322,Shrek,2001,90,7.8,84,606589,267.67
323,Kick-Ass,2010,117,7.6,66,521039,48.07
324,Magnolia,1999,188,8.0,77,287009,22.46
325,Mystic River,2003,138,7.9,84,415058,90.14
326,The Right Stuff,1983,193,7.8,91,55616,21.5
327,The Magnificent Seven,1960,128,7.7,74,86745,4.91
328,Sleepers,1996,147,7.6,49,185089,49.1
329,First Blood,1982,93,7.7,61,223803,47.21
330,Walk the Line,2005,136,7.8,72,231755,119.52
331,Freaks,1932,64,7.9,80,41746,
332,Finding Nemo,2003,100,8.1,90,937940,380.84
333,"Lock, Stock and Two Smoking Barrels",1998,107,8.2,66,529596,3.9
334,Taken,2008,90,7.8,51,561211,145.0
335,"O Brother, Where Art Thou?",2000,107,7.7,69,282290,45.51
336,Moonrise Kingdom,2012,94,7.8,84,315117,45.51
337,The Others,2001,104,7.6,74,334094,96.52
338,Primal Fear,1996,129,7.7,47,185966,56.12
339,Deliverance,1972,109,7.7,80,97842,7.06
340,Crash,2004,112,7.7,66,417136,54.58
341,Who Framed Roger Rabbit,1988,104,7.7,83,180226,156.45
342,A Few Good Men,1992,138,7.7,62,232340,141.34
343,Willy Wonka & the Chocolate Factory,1971,100,7.8,67,176209,4.0
344,3 Idiots,2009,170,8.4,67,338037,6.53
345,Seven Samurai,1954,207,8.6,98,311872,0.27
346,Being John Malkovich,1999,113,7.7,90,309278,22.86
347,The Game,1997,129,7.8,61,340614,48.32
348,Up,2009,96,8.2,88,922385,293.0
349,"Planes, Trains and Automobiles",1987,93,7.6,72,120835,49.53
350,JFK,1991,189,8.0,72,140324,70.41
351,Enemy at the Gates,2001,131,7.6,53,240947,51.4
352,Training Day,2001,122,7.7,69,385435,76.63
353,Rear Window,1954,112,8.4,100,438221,36.76
354,Rosemary's Baby,1968,137,8.0,96,191214,
355,Office Space,1999,89,7.7,68,239379,10.82
356,The Butterfly Effect,2004,113,7.6,30,447642,57.94
357,Midnight in Paris,2011,94,7.7,81,383945,56.82
358,The Fugitive,1993,130,7.8,87,264562,183.88
359,Blood Diamond,2006,143,8.0,64,493977,57.37
360,The Warriors,1979,92,7.6,65,92804,22.49
361,The Count of Monte Cristo,2002,131,7.8,61,127892,54.23
362,Lion,2016,118,8.0,69,210118,51.74
363,WALL·E,2008,98,8.4,95,985906,223.81
364,The Man Who Would Be King,1975,129,7.8,91,44070,
365,Groundhog Day,1993,101,8.0,72,573279,70.91
366,Princess Mononoke,1997,134,8.4,76,336817,2.38
367,Million Dollar Baby,2004,132,8.1,86,629230,100.49
368,Little Miss Sunshine,2006,101,7.8,80,435634,59.89
369,The King's Speech,2010,118,8.0,88,633190,138.8
370,Seven Pounds,2008,123,7.6,36,284414,69.95
371,The Last Samurai,2003,154,7.7,55,396038,111.11
372,Rush,2013,123,8.1,74,427619,26.95
373,Raging Bull,1980,129,8.2,89,317816,23.38
374,Fear and Loathing in Las Vegas,1998,118,7.6,41,257432,10.68
375,The Color Purple,1985,154,7.8,78,77417,98.47
376,Aladdin,1992,90,8.0,86,370080,217.35
377,Misery,1990,107,7.8,75,181944,61.28
378,The Fault in Our Stars,2014,126,7.7,69,340527,124.87
379,The Machinist,2004,101,7.7,61,354532,1.08
380,In the Name of the Father,1993,133,8.1,84,154863,25.01
381,The Graduate,1967,106,8.0,83,251661,104.95
382,Blazing Saddles,1974,93,7.7,73,124745,119.5
383,The Bridge on the River Kwai,1957,161,8.1,87,201141,44.91
384,Changeling,2008,141,7.7,63,236815,35.74
385,Chinatown,1974,130,8.1,92,290478,29.2
386,How to Train Your Dragon,2010,98,8.1,75,658497,217.58
387,The Fly,1986,96,7.6,79,157973,40.46
388,Billy Elliot,2000,110,7.7,74,125280,22.0
389,Fantastic Mr. Fox,2009,87,7.9,83,195741,21.0
390,Only the Brave,2017,134,7.6,72,56602,18.34
391,Monty Python and the Holy Grail,1975,91,8.2,91,496215,1.23
392,A Christmas Story,1983,93,7.9,77,128243,20.61
393,Sense and Sensibility,1995,136,7.6,84,100969,43.18
394,Beauty and the Beast,1991,84,8.0,95,413760,218.97
395,Big Hero 6,2014,102,7.8,74,405455,222.53
396,Road to Perdition,2002,117,7.7,72,244252,104.45
397,500 Days of Summer,2009,95,7.7,76,468176,32.39
398,True Grit,2010,110,7.6,80,308203,171.24
399,Glory,1989,122,7.8,78,120902,26.83
400,The Road Warrior,1981,96,7.6,77,164933,12.47
401,Toy Story 3,2010,103,8.3,92,747824,415.0
402,Butch Cassidy and the Sundance Kid,1969,110,8.0,66,200413,102.31
403,Moon,2009,97,7.9,67,332421,5.01
404,Gravity,2013,91,7.7,96,761947,274.09
405,Blue Velvet,1986,120,7.7,76,178821,8.55
406,Breakfast at Tiffany's,1961,115,7.6,76,164683,
407,Y Tu Mamá También,2001,106,7.6,88,114733,13.62
408,Gifted,2017,101,7.6,60,97695,24.8
409,Bridge of Spies,2015,142,7.6,81,284097,72.31
410,Kill Bill: Vol. 2,2004,137,8.0,83,675813,66.21
411,Grave of the Fireflies,1988,89,8.5,94,230299,
412,Lawrence of Arabia,1962,228,8.3,100,264668,44.82
413,Captain Phillips,2013,134,7.8,82,416188,107.1
414,The Florida Project,2017,111,7.6,92,92477,5.9
415,Gattaca,1997,106,7.8,64,278251,12.34
416,A Silent Voice: The Movie,2016,130,8.1,78,44173,
417,Blow,2001,124,7.6,52,238568,52.99
418,The Little Mermaid,1989,83,7.6,88,234649,111.54
419,The Secret in Their Eyes,2009,129,8.2,80,190398,6.39
420,The Birds,1963,119,7.7,90,169658,11.4
421,The Boy in the Striped Pajamas,2008,94,7.8,55,188080,9.03
422,Do the Right Thing,1989,120,8.0,93,87880,27.55
423,The Sandlot,1993,101,7.8,55,78094,32.42
424,Togo,2019,113,8.0,69,33751,
425,Despicable Me,2010,95,7.6,72,495459,251.51
426,Roma,2018,135,7.7,96,137324,
427,Dangal,2016,161,8.4,1,151991,12.39
428,In Bruges,2008,107,7.9,67,386932,7.76
429,Hell or High Water,2016,102,7.6,88,201046,26.86
430,Man on Fire,2004,146,7.7,47,326365,77.91
431,The Elephant Man,1980,124,8.1,78,217226,
432,The Great Escape,1963,172,8.2,86,222052,12.1
433,Creed,2015,133,7.6,82,244502,109.77
434,Brazil,1985,132,7.9,84,185985,9.93
435,The Fighter,2010,116,7.8,79,336987,93.62
436,I Saw the Devil,2010,144,7.8,67,108875,0.13
437,Wreck-It Ralph,2012,101,7.7,72,375373,189.42
438,The Seventh Seal,1957,96,8.2,88,162023,
439,Toy Story 2,1999,92,7.9,88,520679,245.85
440,Barry Lyndon,1975,185,8.1,89,147416,
441,The Sting,1973,129,8.3,83,238811,159.6
442,North by Northwest,1959,136,8.3,98,295509,13.28
443,Boyhood,2014,165,7.9,100,332992,25.38
444,Donnie Brasco,1997,127,7.7,76,275499,41.91
445,To Kill a Mockingbird,1962,129,8.2,88,291306,
446,Straight Outta Compton,2015,147,7.8,72,177594,161.2
447,Mr. Nobody,2009,141,7.8,63,214034,0.0
448,In the Mood for Love,2000,98,8.1,85,121560,2.73
449,The Farewell,2019,100,7.6,89,47710,16.88
450,Fried Green Tomatoes,1991,130,7.7,64,66173,82.42
451,The Skin I Live In,2011,120,7.6,70,137000,3.19
452,Akira,1988,124,8.0,1,162378,0.55
453,Stalker,1979,162,8.2,1,114470,0.23
454,Planet of the Apes,1968,112,8.0,79,164048,33.4
455,Traffic,2000,147,7.6,86,194372,124.12
456,Ben-Hur,1959,212,8.1,90,216941,74.7
457,Gone Baby Gone,2007,114,7.6,72,247725,20.3
458,Lethal Weapon,1987,109,7.6,68,234172,65.21
459,Dil Bechara,2020,101,7.9,1,107763,
460,Dog Day Afternoon,1975,125,8.0,86,233161,50.0
461,Rain Man,1988,133,8.0,65,468576,178.8
462,The Girl with the Dragon Tattoo,2009,152,7.8,76,207397,10.1
463,Harakiri,1962,133,8.6,85,39760,
464,Eastern Promises,2007,100,7.6,82,225727,17.11
465,Midnight Cowboy,1969,113,7.8,79,99793,44.79
466,The Boondock Saints,1999,108,7.8,44,225878,0.03
467,Hachi: A Dog's Tale,2009,93,8.1,1,249250,
468,Evil Dead II,1987,84,7.8,72,146960,5.92
469,Dangerous Liaisons,1988,119,7.6,74,63963,34.7
470,Some Like It Hot,1959,121,8.2,98,240830,25.0
471,When Harry Met Sally...,1989,95,7.6,76,192925,92.82
472,Dogville,2003,178,8.0,60,136398,1.53
473,La Haine,1995,98,8.1,1,147342,0.31
474,Before Sunset,2004,80,8.1,90,232271,5.82
475,Falling Down,1993,113,7.6,56,168506,40.9
476,Adaptation.,2002,115,7.7,83,176601,22.25
477,Life of Pi,2012,127,7.9,79,574929,124.99
478,Rushmore,1998,93,7.7,86,167582,17.11
479,"Paris, Texas",1984,145,8.1,78,88684,2.18
480,From Here to Eternity,1953,118,7.6,85,42894,30.5
481,Paths of Glory,1957,88,8.4,90,175509,
482,The Lego Movie,2014,100,7.7,83,321569,257.76
483,Philadelphia,1993,125,7.7,66,221639,77.32
484,The Holy Mountain,1973,114,7.9,76,36149,0.06
485,A Bronx Tale,1993,121,7.8,80,126556,17.27
486,Dark City,1998,100,7.6,66,186592,14.38
487,Das Boot,1981,149,8.3,86,229137,11.49
488,The Raid: Redemption,2011,101,7.6,73,188824,4.11
489,Cinema Paradiso,1988,155,8.5,80,226728,11.99
490,Shoplifters,2018,121,8.0,93,59369,3.31
491,7 Kogustaki Mucize,2019,132,8.3,1,31096,
492,Match Point,2005,124,7.6,72,204511,23.09
493,Kelly's Heroes,1970,144,7.6,50,44800,1.38
494,Close Encounters of the Third Kind,1977,138,7.6,90,182619,132.09
495,Spartacus,1960,197,7.9,87,123156,30.0
496,The French Connection,1971,104,7.7,94,108703,15.63
497,Isle of Dogs,2018,101,7.9,82,135688,32.02
498,Carlito's Way,1993,144,7.9,65,198725,36.95
499,Before Midnight,2013,109,7.9,94,138843,8.11
500,Mother,2009,129,7.8,79,50791,0.55
501,A Hard Day's Night,1964,87,7.6,96,39886,13.78
502,Searching,2018,102,7.6,71,136869,26.02
503,All the President's Men,1976,138,8.0,84,101276,70.6
504,Breathless,1960,90,7.8,1,72158,0.34
505,The Insider,1999,157,7.8,84,158317,28.97
506,End of Watch,2012,109,7.6,68,226159,41.0
507,The Illusionist,2006,110,7.6,68,352538,39.87
508,The Jungle Book,1967,78,7.6,65,164288,141.84
509,Metropolis,1927,153,8.3,98,158145,1.24
510,My Neighbor Totoro,1988,86,8.2,86,284598,1.11
511,Night of the Living Dead,1968,96,7.9,89,115478,0.09
512,Wild Tales,2014,122,8.1,77,173704,3.11
513,Lost Highway,1997,134,7.6,52,129330,3.8
514,Lord of War,2005,122,7.6,62,291911,24.15
515,Fiddler on the Roof,1971,181,8.0,67,38856,80.5
516,3:10 to Yuma,2007,122,7.7,76,286289,53.61
517,Empire of the Sun,1987,153,7.7,62,114339,22.24
518,Singin' in the Rain,1952,103,8.3,99,215861,8.82
519,Ghost in the Shell,1995,83,8.0,76,127257,0.52
520,Monty Python's Life of Brian,1979,94,8.1,77,363183,20.05
521,Sing Street,2016,106,7.9,79,83918,3.24
522,Sunset Blvd.,1950,110,8.4,1,198888,
523,Ran,1985,162,8.2,96,110761,4.14
524,This Is Spinal Tap,1984,82,7.9,92,127615,0.19
525,The Bridges of Madison County,1995,135,7.6,66,72130,71.52
526,Awakenings,1990,121,7.8,74,122692,52.1
527,Let the Right One In,2008,114,7.9,82,204333,2.12
528,"Crouching Tiger, Hidden Dragon",2000,120,7.8,94,251141,128.08
529,Amores Perros,2000,154,8.1,83,221362,5.38
530,Battle Royale,2000,114,7.6,81,167726,
531,A Fistful of Dollars,1964,99,8.0,65,195523,14.5
532,Barton Fink,1991,116,7.7,69,112045,6.15
533,Naked,1993,132,7.8,84,33860,1.77
534,The Wrestler,2008,109,7.9,80,287728,26.24
535,After Hours,1985,97,7.7,90,58093,10.6
536,Frost/Nixon,2008,122,7.7,80,102365,18.59
537,Doctor Zhivago,1965,197,8.0,69,68973,111.72
538,Solaris,1972,167,8.1,90,79630,
539,"Blood In, Blood Out",1993,180,8.0,47,28564,4.5
540,Robin Hood,1973,83,7.6,57,114207,32.06
541,Perfect Blue,1997,81,8.0,1,56118,0.78
542,"Synecdoche, New York",2008,124,7.6,67,81792,3.08
543,The Ten Commandments,1956,220,7.9,1,62918,93.74
544,Dawn of the Dead,1978,127,7.9,71,110646,5.1
545,High Noon,1952,85,7.9,89,96329,9.45
546,Andhadhun,2018,139,8.3,1,68721,1.37
547,The Best Offer,2013,131,7.8,49,106617,0.09
548,The Naked Gun: From the Files of Police Squad!,1988,85,7.6,76,150628,78.76
549,A Separation,2011,123,8.3,95,216810,7.1
550,Cool Hand Luke,1967,127,8.1,92,159890,16.22
551,Flipped,2010,90,7.7,45,80647,1.75
552,Dirty Harry,1971,102,7.7,90,141864,35.9
553,The Last Picture Show,1971,118,8.0,93,41809,29.13
554,How to Train Your Dragon 2,2014,102,7.8,76,301728,177.0
555,Patton,1970,172,7.9,91,93097,61.7
556,A Streetcar Named Desire,1951,122,8.0,97,98114,8.0
557,Die Hard with a Vengeance,1995,128,7.6,58,360069,100.01
558,Annie Hall,1977,93,8.0,92,249991,39.2
559,Roman Holiday,1953,118,8.0,78,125953,
560,Snow White and the Seven Dwarfs,1937,83,7.6,95,179308,184.93
561,The Last King of Scotland,2006,123,7.7,74,173979,17.61
562,The Man from Earth,2007,87,7.9,1,172321,
563,The Apartment,1960,125,8.3,94,161600,18.6
564,The Iron Giant,1999,86,8.0,85,170095,23.16
565,A Little Princess,1995,97,7.7,83,31862,10.02
566,The Artist,2011,100,7.9,89,228929,44.67
567,The King of Comedy,1982,109,7.8,73,86352,2.5
568,For a Few Dollars More,1965,132,8.3,74,229560,15.0
569,The Longest Day,1962,178,7.8,75,51775,39.1
570,Network,1976,121,8.1,83,143417,
571,Miller's Crossing,1990,115,7.7,66,124752,5.08
572,The Body,2012,112,7.6,1,55925,
573,Ip Man,2008,106,8.0,59,209654,
574,Hotel Rwanda,2004,121,8.1,79,331623,23.53
575,The Conversation,1974,113,7.8,85,96886,4.42
576,Ed Wood,1994,127,7.8,70,164005,5.89
577,Nosferatu,1922,94,7.9,1,87957,
578,Mississippi Burning,1988,128,7.8,65,87049,34.6
579,Funny Games,1997,108,7.6,69,63955,
580,Like Stars on Earth,2007,165,8.4,1,165219,1.22
581,Gangs of Wasseypur,2012,321,8.2,89,80464,
582,Finding Neverland,2004,106,7.7,67,197322,51.68
583,21 Grams,2003,124,7.6,70,222762,16.29
584,M,1931,99,8.3,1,141484,0.03
585,Chungking Express,1994,102,8.1,77,61402,0.6
586,Charade,1963,113,7.9,83,67405,13.47
587,Fantasia,1940,125,7.7,96,87631,76.41
588,The Fall,2006,117,7.9,64,106571,2.28
589,La Dolce Vita,1960,174,8.0,95,65585,19.52
590,The Wild Bunch,1969,135,7.9,97,76727,12.06
591,Persona,1966,83,8.1,86,100945,
592,Blood Simple,1984,99,7.6,82,86533,2.15
593,Tumbbad,2018,104,8.3,1,26083,
594,The Searchers,1956,119,7.9,94,79352,
595,Enter the Dragon,1973,102,7.7,83,95353,25.0
596,Kiki's Delivery Service,1989,103,7.8,83,121049,
597,I Am Sam,2001,132,7.7,28,141954,40.31
598,Ponyo,2008,101,7.7,86,122636,15.09
599,Nausicaä of the Valley of the Wind,1984,117,8.1,86,147906,0.5
600,The Little Prince,2015,108,7.7,70,55945,1.34
601,The Raid 2,2014,150,8.0,71,113179,2.63
602,Escape from Alcatraz,1979,112,7.6,76,119437,43.0
603,October Sky,1999,108,7.8,71,81709,32.48
604,Gandhi,1982,191,8.0,79,216369,52.77
605,Kung Fu Hustle,2004,99,7.7,78,126027,17.11
606,Badlands,1973,94,7.8,93,64968,
607,Rio Bravo,1959,141,8.0,93,55547,12.54
608,Glengarry Glen Ross,1992,100,7.7,82,94819,10.73
609,50/50,2011,100,7.6,72,313612,35.01
610,Days of Heaven,1978,94,7.8,93,51940,
611,Malcolm X,1992,202,7.7,73,84523,48.17
612,Sling Blade,1996,135,8.0,84,86238,24.48
613,Dawn of the Planet of the Apes,2014,130,7.6,79,408988,208.55
614,This Is England,2006,101,7.7,86,114897,0.33
615,The Great Beauty,2013,141,7.8,86,79848,2.85
616,Ordinary People,1980,124,7.7,86,46369,54.8
617,Clerks,1994,92,7.7,70,210367,3.15
618,The Hustler,1961,134,8.0,90,74529,8.28
619,Kramer vs. Kramer,1979,105,7.8,77,131541,106.26
620,The Third Man,1949,93,8.1,97,157031,0.45
621,My Fair Lady,1964,170,7.8,95,85519,72.0
622,25th Hour,2002,135,7.6,68,168784,13.06
623,All That Jazz,1979,123,7.9,72,27741,37.82
624,Giant,1956,201,7.6,84,33632,
625,Witness for the Prosecution,1957,116,8.4,1,106877,8.18
626,Detachment,2011,98,7.7,52,76031,0.07
627,Paddington 2,2017,103,7.8,88,59340,40.44
628,Rebel Without a Cause,1955,111,7.7,89,82449,
629,Beasts of No Nation,2015,137,7.7,79,72758,0.08
630,Peeping Tom,1960,101,7.7,1,30957,0.08
631,On the Waterfront,1954,108,8.1,91,140342,9.6
632,Dancer in the Dark,2000,140,8.0,61,101055,4.18
633,Fanny and Alexander,1982,188,8.1,100,56843,4.97
634,The Great Dictator,1940,125,8.4,1,200291,0.29
635,A Man Called Ove,2015,116,7.7,70,46123,3.36
636,Star Trek II: The Wrath of Khan,1982,113,7.7,67,111700,78.91
637,Baahubali: The Beginning,2015,159,8.1,1,101429,6.74
638,Bonnie and Clyde,1967,111,7.8,86,101185,
639,Open Your Eyes,1997,119,7.7,1,63518,0.37
640,Letters from Iwo Jima,2006,141,7.9,89,153047,13.76
641,Serpico,1973,130,7.7,87,108218,29.8
642,Me and Earl and the Dying Girl,2015,105,7.7,74,121856,6.74
643,Cinderella Man,2005,144,8.0,69,174646,61.65
644,All About Eve,1950,138,8.2,98,119208,0.01
645,Midnight Express,1978,121,7.6,59,72920,35.0
646,Winter Sleep,2014,196,8.1,88,44939,0.17
647,The Outlaw Josey Wales,1976,135,7.8,69,64848,31.8
648,Dial M for Murder,1954,105,8.2,75,155919,0.01
649,The Last Emperor,1987,163,7.7,76,93024,43.98
650,Miracle on 34th Street,1947,96,7.9,88,39375,2.65
651,Modern Times,1936,87,8.5,96,214477,0.16
652,King Kong,1933,100,7.9,90,78190,10.0
653,Double Indemnity,1944,107,8.3,95,141643,5.72
654,Rope,1948,80,8.0,73,127946,
655,Cabaret,1972,124,7.8,80,47770,42.77
656,8½,1963,138,8.0,91,107621,0.05
657,Dead Man,1995,121,7.6,62,89509,1.04
658,Three Colors: Blue,1993,94,7.9,85,87929,1.32
659,Good Bye Lenin!,2003,121,7.7,68,136810,4.06
660,Castle in the Sky,1986,125,8.0,78,147673,
661,Hero,2002,120,7.9,85,172981,53.71
662,The Killing,1956,84,8.0,91,80660,
663,Lucky Number Slevin,2006,110,7.7,53,298088,22.49
664,Paprika,2006,90,7.7,81,69869,0.88
665,Victoria,2015,138,7.6,77,51851,
666,Dilwale Dulhania Le Jayenge,1995,181,8.1,1,62767,
667,In the Heat of the Night,1967,110,7.9,75,66932,24.38
668,Short Term 12,2013,96,8.0,82,80722,1.01
669,The Man Who Shot Liberty Valance,1962,123,8.1,94,67966,
670,Perfect Strangers,2016,96,7.8,1,55655,
671,Being There,1979,130,8.0,83,64879,30.18
672,Mary and Max,2009,92,8.1,1,162710,
673,Wings of Desire,1987,128,8.0,79,63822,3.33
674,PK,2014,153,8.1,1,159873,10.62
675,Frankenstein,1931,70,7.8,91,64611,
676,The Maltese Falcon,1941,100,8.0,96,147715,2.11
677,Ray,2004,152,7.7,73,137133,75.33
678,The Muppet Christmas Carol,1992,85,7.7,64,46794,27.28
679,What Ever Happened to Baby Jane?,1962,134,8.1,75,49540,4.05
680,Zulu,1964,138,7.7,77,35508,
681,Delicatessen,1991,99,7.6,66,79762,1.79
682,My Left Foot,1989,103,7.9,97,67069,14.74
683,The Remains of the Day,1993,134,7.8,84,64957,22.95
684,La Vie En Rose,2007,140,7.6,66,82020,10.3
685,Black Book,2006,145,7.7,71,72107,4.4
686,Run Lola Run,1998,80,7.6,77,187142,7.27
687,K.G.F: Chapter 1,2018,156,8.2,1,33577,
688,In a Lonely Place,1950,94,8.0,1,26102,
689,Kubo and the Two Strings,2016,101,7.8,84,116505,48.02
690,Mommy,2014,139,8.1,74,49648,3.49
691,The Wind Rises,2013,126,7.8,83,71849,5.21
692,Song of the Sea,2014,93,8.1,85,50151,0.86
693,Yojimbo,1961,110,8.2,1,109449,
694,Blow-Up,1966,111,7.6,82,55742,
695,The Hurricane,1999,146,7.6,74,90749,50.67
696,The Manchurian Candidate,1962,126,7.9,94,70667,
697,Rashomon,1950,88,8.2,98,150415,0.1
698,Sabrina,1954,113,7.7,72,58448,
699,Ikiru,1952,143,8.3,1,67011,0.06
700,Pink Floyd: The Wall,1982,95,8.1,47,75409,22.24
701,The Straight Story,1999,112,8.0,86,80907,6.2
702,Judgment at Nuremberg,1961,179,8.2,60,68473,
703,The Innocents,1961,100,7.8,88,26644,2.62
704,Mr. Smith Goes to Washington,1939,129,8.1,73,105699,9.6
705,The Wave,2008,107,7.6,1,101746,
706,The Celebration,1998,105,8.0,82,77169,1.65
707,Mysterious Skin,2004,105,7.6,73,65517,0.7
708,Manhattan,1979,96,7.9,83,130297,45.7
709,Drishyam,2015,163,8.2,1,68104,0.74
710,Harold and Maude,1971,91,7.9,62,70122,
711,Once Were Warriors,1994,102,7.9,77,31255,2.2
712,Bicycle Thieves,1948,89,8.3,1,143995,0.33
713,Touch of Evil,1958,95,8.0,99,97651,2.24
714,Wild Strawberries,1957,91,8.2,88,94557,
715,The Mirror,1975,107,8.1,1,39050,0.18
716,The Secret World of Arrietty,2010,94,7.6,80,79237,19.2
717,Amour,2012,127,7.9,94,92067,6.74
718,Notorious,1946,102,7.9,100,91373,10.46
719,Nebraska,2013,115,7.7,87,111428,17.65
720,The Quiet Man,1952,129,7.7,1,34213,10.55
721,The Killing Fields,1984,141,7.8,76,51072,34.7
722,Pride,2014,119,7.8,79,51152,
723,Strangers on a Train,1951,101,7.9,88,122246,7.63
724,Hamlet,1996,242,7.7,1,35762,4.41
725,Breaking the Waves,1996,159,7.8,76,61735,4.04
726,Thank You for Smoking,2005,92,7.6,71,211911,24.79
727,The Muppet Movie,1979,95,7.6,74,32320,76.66
728,Children of Heaven,1997,89,8.3,77,63856,0.93
729,The Man from Nowhere,2010,119,7.8,1,61878,0.01
730,Paper Moon,1973,102,8.1,77,41752,30.93
731,Three Colors: Red,1994,99,8.1,100,89208,4.04
732,The Big Sleep,1946,114,7.9,1,78117,6.54
733,The Treasure of the Sierra Madre,1948,126,8.2,98,112916,5.01
734,High and Low,1963,143,8.4,1,32896,
735,Anatomy of a Murder,1959,161,8.0,95,59146,11.9
736,Baahubali 2: The Conclusion,2017,167,8.2,1,73810,20.19
737,"South Park: Bigger, Longer & Uncut",1999,81,7.7,73,191033,52.04
738,Stalag 17,1953,120,8.0,84,50702,
739,Fearless,2006,104,7.6,70,72463,24.63
740,Le Samouraï,1967,101,8.1,1,44686,0.04
741,Loving Vincent,2017,94,7.8,62,49578,6.74
742,The Chaser,2008,125,7.8,64,57341,
743,The Tenant,1976,126,7.7,71,39229,1.92
744,Repulsion,1965,105,7.7,91,48379,
745,Once,2007,86,7.8,88,109885,9.44
746,It Happened One Night,1934,105,8.1,87,92617,4.36
747,Waking Life,2001,99,7.8,83,60286,2.89
748,Belle de Jour,1967,100,7.7,1,39656,0.03
749,Neon Genesis Evangelion: The End of Evangelion,1997,87,8.1,1,37604,
750,The Philadelphia Story,1940,112,7.9,96,62723,
751,Happiness,1998,134,7.7,81,65920,2.81
752,A Very Long Engagement,2004,133,7.6,76,70530,6.17
753,Tokyo Story,1953,136,8.2,1,51876,
754,The Invisible Man,1933,71,7.7,87,30120,
755,The Day of the Jackal,1973,143,7.8,80,36967,16.06
756,Dead Man's Shoes,2004,90,7.6,52,48951,0.01
757,Short Cuts,1993,188,7.7,79,41954,6.11
758,The Double Life of Véronique,1991,98,7.8,86,41423,2.0
759,East of Eden,1955,118,7.9,72,39840,
760,Andrei Rublev,1966,205,8.1,1,45843,0.1
761,The Day the Earth Stood Still,1951,92,7.7,1,75809,
762,The Legend of 1900,1998,169,8.1,58,58228,0.26
763,City Lights,1931,87,8.5,99,165278,0.02
764,The Night of the Hunter,1955,92,8.0,99,81006,0.65
765,"Aguirre, the Wrath of God",1972,95,7.9,1,51693,
766,Whisper of the Heart,1995,111,7.9,75,50422,
767,Who's Afraid of Virginia Woolf?,1966,131,8.0,75,68403,
768,Watership Down,1978,91,7.6,64,33343,
769,Guess Who's Coming to Dinner,1967,108,7.8,63,39031,56.7
770,Vikram Vedha,2017,147,8.5,1,26260,
771,Stagecoach,1939,96,7.8,93,42940,
772,Tangerines,2013,87,8.2,73,38790,0.14
773,The 400 Blows,1959,99,8.1,1,103499,
774,All About My Mother,1999,101,7.8,87,88143,8.26
775,Land of Mine,2015,100,7.8,75,34701,0.44
776,Fallen Angels,1995,99,7.7,71,25430,
777,Philomena,2013,98,7.6,77,93462,37.71
778,The Kid,1921,68,8.3,1,111252,5.45
779,The Vanishing,1988,107,7.7,1,33529,
780,The Red Shoes,1948,135,8.1,1,30430,10.9
781,Infernal Affairs,2002,101,8.0,75,117098,0.17
782,Sympathy for Mr. Vengeance,2002,129,7.6,56,61854,0.05
783,Withnail & I,1987,107,7.7,84,39822,1.54
784,The Lion in Winter,1968,134,7.9,1,28685,22.28
785,A Man for All Seasons,1966,120,7.7,72,30892,28.35
786,3-Iron,2004,88,8.0,72,49483,0.24
787,"Spring, Summer, Fall, Winter... and Spring",2003,103,8.0,85,76360,2.38
788,The Diving Bell and the Butterfly,2007,112,8.0,92,102599,5.99
789,The Message,1976,177,8.2,1,43428,
790,All Quiet on the Western Front,1930,152,8.0,91,56819,3.27
791,Joyeux Noel,2005,116,7.7,70,27333,1.05
792,Control,2007,122,7.7,78,61114,0.87
793,Fitzcarraldo,1982,158,8.1,1,31073,
794,The Taking of Pelham One Two Three,1974,104,7.7,68,26177,
795,Shadow of a Doubt,1943,108,7.8,94,58751,
796,The Cabinet of Dr. Caligari,1920,67,8.1,1,56641,
797,Hannah and Her Sisters,1986,107,7.9,90,66469,40.08
798,The Verdict,1982,129,7.7,77,35601,54.0
799,Talk to Her,2002,112,7.9,86,103737,9.28
800,The White Ribbon,2009,144,7.8,82,68004,2.22
801,On Golden Pond,1981,109,7.6,68,27320,119.29
802,The Station Agent,2003,89,7.6,81,66985,5.74
803,Eyes Without a Face,1960,90,7.7,90,27138,0.05
804,Night on Earth,1991,129,7.8,68,54614,2.02
805,Underground,1995,167,8.1,1,54630,0.17
806,Porco Rosso,1992,94,7.7,83,75959,
807,The Long Goodbye,1973,112,7.6,87,25748,0.96
808,Out of the Past,1947,97,8.0,1,32327,
809,Cat on a Hot Tin Roof,1958,108,8.0,84,44479,17.57
810,The Battle of Algiers,1966,121,8.1,96,52108,0.06
811,"I, Daniel Blake",2016,100,7.9,78,52581,0.26
812,The Grapes of Wrath,1940,129,8.0,96,85079,0.06
813,His Girl Friday,1940,92,7.9,1,52894,0.3
814,A Prophet,2009,155,7.9,90,92730,2.08
815,The Odd Couple,1968,105,7.7,86,31246,44.53
816,The African Queen,1951,105,7.7,91,70781,0.54
817,The Bride of Frankenstein,1935,75,7.8,95,43058,4.36
818,When Marnie Was There,2014,103,7.7,72,31673,0.77
819,Gilda,1946,110,7.7,1,27595,
820,Laura,1944,88,8.0,1,42217,4.36
821,Lilya 4-Ever,2002,109,7.8,82,42273,0.18
822,Leviathan,2014,140,7.6,92,48683,1.09
823,Invasion of the Body Snatchers,1956,80,7.7,92,44432,
824,The Tale of The Princess Kaguya,2013,137,8.0,89,37494,1.51
825,Secrets & Lies,1996,136,8.0,91,36987,13.42
826,Cape Fear,1962,106,7.7,76,26093,
827,The Broken Circle Breakdown,2012,111,7.8,70,38997,0.18
828,Loveless,2017,127,7.6,86,29116,0.57
829,The Conformist,1970,113,8.0,100,26584,0.54
830,The Secret of Kells,2009,75,7.6,81,30858,0.69
831,Elite Squad,2007,115,8.1,33,97309,0.01
832,Three Colors: White,1994,92,7.6,88,63018,1.46
833,Lagaan: Once Upon a Time in India,2001,224,8.1,84,103753,0.07
834,Rififi,1955,118,8.2,97,27693,0.06
835,No Man's Land,2001,98,7.9,84,44268,1.06
836,Gully Boy,2019,153,8.1,65,30778,5.57
837,Ivan's Childhood,1962,84,8.1,1,30948,
838,Once Upon a Time in Anatolia,2011,157,7.9,82,40704,0.14
839,The Salesman,2016,124,7.8,85,49931,2.4
840,Amarcord,1973,123,7.9,1,39362,
841,Evil,2003,113,7.8,61,35364,0.02
842,The Sea Inside,2004,126,8.0,74,76914,2.09
843,Bringing Up Baby,1938,102,7.9,91,54444,
844,Hedwig and the Angry Inch,2001,95,7.7,85,31724,3.03
845,Ayla: The Daughter of War,2017,125,8.4,1,33039,
846,Rockstar,2011,159,7.7,1,38851,0.99
847,Diabolique,1955,117,8.0,1,60995,
848,The Wages of Fear,1953,131,8.1,85,53756,
849,Mustang,2015,97,7.6,83,35151,0.85
850,The Adventures of Robin Hood,1938,102,7.9,97,46753,3.98
851,The Bandit,1996,128,8.2,1,62989,
852,After the Wedding,2006,120,7.7,78,31667,0.41
853,The Motorcycle Diaries,2004,126,7.8,75,95993,16.76
854,Down by Law,1986,107,7.8,75,47340,1.44
855,The Return,2003,110,8.0,82,41875,0.5
856,The World's Fastest Indian,2005,127,7.8,68,51603,5.13
857,The Hidden Fortress,1958,126,8.1,1,34061,
858,Brief Encounter,1945,86,8.0,92,35031,
859,Death Note,2006,126,7.7,1,28420,
860,The Experiment,2001,120,7.7,60,90369,0.14
861,Adam's Apples,2005,94,7.8,51,45021,0.0
862,Arsenic and Old Lace,1944,118,8.0,1,64586,
863,The Ladykillers,1955,91,7.7,91,25946,
864,The Thin Man,1934,91,8.0,86,26081,
865,Head-On,2004,121,7.9,78,50785,
866,Kagemusha,1980,162,8.0,84,31746,
867,In a Better World,2010,118,7.6,65,38245,1.01
868,Kal ho naa ho,2003,186,8.0,54,62664,1.79
869,Wolf Children,2012,117,8.1,71,38040,
870,Love Me If You Dare,2003,93,7.6,45,66875,0.55
871,Chhichhore,2019,143,8.2,1,31691,0.9
872,Shine,1996,105,7.7,87,50908,35.81
873,Crimes and Misdemeanors,1989,104,7.9,77,54099,18.25
874,Red River,1948,133,7.8,1,27766,
875,To Be or Not to Be,1942,99,8.2,86,28821,
876,The 39 Steps,1935,86,7.6,93,51176,
877,Duck You Sucker,1971,138,7.6,77,29722,0.7
878,The Chorus,2004,97,7.9,56,56796,3.64
879,Darbareye Elly,2009,119,8.0,87,44682,0.11
880,To Have and Have Not,1944,100,7.8,1,30654,
881,Throne of Blood,1957,110,8.1,1,45877,
882,L'Avventura,1960,144,7.9,1,26091,
883,Wait Until Dark,1967,108,7.8,81,27463,17.55
884,Departures,2008,130,8.1,68,48112,1.5
885,Rang De Basanti,2006,167,8.2,1,110438,2.2
886,Ninja Scroll,1993,94,7.9,1,34181,
887,Joint Security Area,2000,110,7.8,58,26047,
888,Sholay,1975,162,8.2,1,50726,
889,Cowboy Bebop: The Movie,2001,115,7.9,61,42434,1.0
890,Cries & Whispers,1972,91,8.1,1,29643,1.74
891,Zindagi Na Milegi Dobara,2011,155,8.1,1,66701,3.11
892,The Lady Vanishes,1938,96,7.8,1,46766,
893,Only Yesterday,1991,118,7.6,90,26245,0.45
894,"4 Months, 3 Weeks and 2 Days",2007,113,7.9,97,56041,1.19
895,Vivre Sa Vie,1962,85,8.0,1,27406,
896,Sweet Smell of Success,1957,96,8.1,100,27661,
897,The Discreet Charm of the Bourgeoisie,1972,102,7.9,93,37978,0.2
898,My Name Is Khan,2010,165,8.0,50,97538,4.02
899,My Father and My Son,2005,112,8.3,1,77415,
900,The Passion of Joan of Arc,1928,114,8.1,1,46723,0.02
901,The Circus,1928,72,8.1,90,29197,
902,Sleuth,1972,138,8.0,1,44420,4.08
903,Jab We Met,2007,138,7.9,1,47086,0.41
904,Persepolis,2007,96,8.0,90,87793,4.45
905,Key Largo,1948,100,7.8,1,36645,
906,Confessions,2010,106,7.8,1,35296,
907,Celda 211,2009,113,7.6,1,63369,
908,The Lunchbox,2013,104,7.8,76,49734,4.23
909,"Black Cat, White Cat",1998,127,8.1,73,50302,0.35
910,La Strada,1954,108,8.0,1,57644,
911,Duck Soup,1933,69,7.8,93,55191,
912,The Gold Rush,1925,95,8.2,1,99300,5.45
913,The Girl Who Leapt Through Time,2006,98,7.7,1,59491,
914,Batman: Mask of the Phantasm,1993,76,7.8,1,43095,5.62
915,The General,1926,67,8.1,1,79914,1.03
916,Battleship Potemkin,1925,66,8.0,97,52447,0.05
917,Raise the Red Lantern,1991,125,8.1,1,29188,2.6
918,Lupin the 3rd: Castle of Cagliostro,1979,102,7.7,71,26424,
919,Uri: The Surgical Strike,2018,138,8.3,1,42304,4.19
920,Inherit the Wind,1960,128,8.1,75,26986,
921,Interstate 60: Episodes of the Road,2002,116,7.7,1,29680,
922,Ace in the Hole,1951,111,8.1,72,31070,3.97
923,Au Revoir les Enfants,1987,104,8.0,88,30821,4.54
924,M.S. Dhoni: The Untold Story,2016,184,7.8,1,38802,1.78
925,The Shop Around the Corner,1940,99,8.1,96,27230,0.2
926,Hard Boiled,1992,128,7.8,1,46311,
927,Harvey,1950,104,7.9,1,52257,
928,Tokyo Godfathers,2003,92,7.8,73,30444,0.13
929,The Purple Rose of Cairo,1985,82,7.7,75,46627,10.63
930,The Lost Weekend,1945,101,7.9,1,33163,9.46
931,Sunrise,1927,94,8.1,1,46472,0.54
932,Barfi!,2012,151,8.1,1,74842,2.8
933,The Magdalene Sisters,2002,114,7.7,83,25756,4.89
934,G.O.R.A.,2004,127,8.0,1,55908,
935,Hera Pheri,2000,156,8.2,1,56033,
936,Il Postino,1994,108,7.7,81,33219,21.85
937,Talvar,2015,132,8.2,1,30562,0.34
938,Munna Bhai M.B.B.S.,2003,156,8.1,1,72930,
939,Anand,1971,122,8.4,1,29291,
940,The Virgin Spring,1960,89,8.1,1,26359,1.53
941,Pink,2016,136,8.1,1,38385,1.24
942,My Sassy Girl,2001,137,8.0,1,45046,
943,In America,2002,105,7.7,76,40249,15.54
944,Veer-Zaara,2004,192,7.8,67,48408,2.92
945,Bhaag Milkha Bhaag,2013,186,8.2,1,60289,1.63
946,The Exterminating Angel,1962,95,8.1,1,29261,
947,The Visitor,2007,104,7.6,79,41362,9.42
948,Queen,2013,146,8.2,1,60103,1.43
949,Nights of Cabiria,1957,110,8.1,1,42367,0.75
950,Jules and Jim,1962,105,7.8,97,37015,
951,Badhaai Ho,2018,124,8.0,1,27117,
952,The Past,2013,130,7.8,85,44560,1.33
953,Love and Death,1975,85,7.7,89,35642,
954,Swades,2004,189,8.2,1,82139,1.22
955,The Triplets of Belleville,2003,80,7.8,91,50248,7.0
956,Knockin' on Heaven's Door,1997,87,8.0,1,27369,0.0
957,Kai Po Che,2013,120,7.7,40,31586,1.12
958,Elite Squad 2: The Enemy Within,2010,115,8.0,71,78694,0.1
959,Haider,2014,160,8.1,1,49913,0.9
960,Dil Chahta Hai,2001,183,8.1,1,66062,0.3
961,Sanjuro,1962,96,8.1,1,32296,
962,Sherlock Jr.,1924,45,8.2,1,40852,0.98
963,Hiroshima Mon Amour,1959,90,7.9,1,27923,0.09
964,Lifeboat,1944,97,7.6,78,26191,
965,White Heat,1949,114,8.1,1,29349,
966,Fireworks,1997,103,7.8,1,27351,0.23
967,La Grande Illusion,1937,113,8.1,1,33496,0.17
968,Baby,2015,159,8.0,1,52287,
969,The Killer,1989,111,7.8,82,45313,
970,Central Station,1998,110,8.0,80,35904,5.6
971,Bajrangi Bhaijaan,2015,163,8.0,1,71020,8.18
972,Vampire Hunter D: Bloodlust,2000,103,7.7,62,28944,0.15
973,Zelig,1983,79,7.7,1,39551,11.8
974,Nine Queens,2000,114,7.9,80,49256,1.22
975,Kahaani,2012,122,8.1,1,57107,1.04
976,The Rules of the Game,1939,110,8.0,1,26403,
977,C.R.A.Z.Y.,2005,129,7.9,81,31320,
978,English Vinglish,2012,134,7.8,1,33155,1.67
979,Tae Guk Gi: The Brotherhood of War,2004,140,8.1,64,37581,1.11
980,Udaan,2010,134,8.2,1,41939,0.01
981,Chak De! India,2007,153,8.2,68,73148,1.11
982,A Night at the Opera,1935,96,7.9,1,30253,2.54
983,Andaz Apna Apna,1994,160,8.2,1,48802,
984,A Wednesday,2008,104,8.1,1,73247,
985,Udta Punjab,2016,148,7.8,1,26725,
986,Kind Hearts and Coronets,1949,106,8.0,1,34101,
987,Drishyam,2013,160,8.3,1,30220,
988,OMG: Oh My God!,2012,125,8.1,1,50753,0.92
989,Special 26,2013,144,8.0,1,50344,1.08
990,Black,2005,122,8.2,1,33115,0.73
991,The Edge of Heaven,2007,122,7.8,85,30557,0.74
992,Airlift,2016,130,8.0,1,52395,
993,Le Dîner de Cons,1998,80,7.7,73,36968,4.07
994,Dev.D,2009,144,8.0,1,28458,0.01
995,Paan Singh Tomar,2012,135,8.2,1,32800,0.04
996,Vicky Donor,2012,126,7.8,1,39273,0.17
997,Vizontele,2001,110,8.0,1,32809,
998,Lage Raho Munna Bhai,2006,144,8.1,1,42515,2.22
999,The Breath,2009,128,8.0,1,31500,
